{
  "type": "Coverity CLI Diagnostics Data",
  "version": 1,
  "general": {
    "coverity-static-analysis-version": "2025.9.0"
  },
  "capture": {
    "primary-capture-mode": "Build",
    "command-line": "/Users/gonz/.blackduck/bridge/tools/cov-thin-client/2025.9.0/bin/coverity capture --dir /Users/gonz/Code/VibeCoding/TicTaoToe/.bridge/polaris_coverity_capture/2025.9.0/idir -o analyze.location=connect -- npm install",
    "working-directory": "/Users/gonz/Code/VibeCoding/TicTaoToe",
    "project-directory": "/Users/gonz/Code/VibeCoding/TicTaoToe",
    "intermediate-directory": "/Users/gonz/Code/VibeCoding/TicTaoToe/.bridge/polaris_coverity_capture/2025.9.0/idir",
    "configuration-file-path": "/Users/gonz/Code/VibeCoding/TicTaoToe/coverity.yaml",
    "configuration": {
      "command-line-overrides": [
        "--config-override",
        "analyze.location=connect",
        "--",
        "npm",
        "install"
      ],
      "file-configuration": {
        "capture": {
          "build": {
            "build-command": "npm build",
            "clean-command": "npm clean"
          }
        },
        "commit": null
      },
      "effective-configuration": {
        "capture": {
          "build": {
            "build-command": "npm install",
            "clean-command": "npm clean"
          }
        },
        "analyze": {
          "location": "connect"
        },
        "commit": null,
        "caching": {
          "bytecode": true,
          "tu": false,
          "wur": true
        }
      },
      "configuration-hash": "f454380db8741680c87c697653eea747d403b4e3e6c5411ac059f9fdd142b285"
    },
    "capture-summary": {
      "files-captured": 26,
      "lines-of-code": 6911,
      "succeeded": 26
    },
    "capture-rate": 100,
    "command-info": [
      {
        "command-line": "/Users/gonz/.blackduck/bridge/tools/cov-thin-client/2025.9.0/bin/cov-manage-emit --dir /Users/gonz/Code/VibeCoding/TicTaoToe/.bridge/polaris_coverity_capture/2025.9.0/idir check-compatible",
        "cwd": "/Users/gonz/Code/VibeCoding/TicTaoToe",
        "env": {
          "COVERITY_CACHE_API_TOKEN_FILE": "/var/folders/q4/7hthhtjs1tnbj65766xh6cm40000gp/T/polaris_coverity_cache937803279/.authKey",
          "COVERITY_CACHE_KEY": "5f132b58-8c8c-4ff0-a09f-1097630e2f11",
          "COVERITY_CACHE_URL": "https://poc.polaris.blackduck.com/api/cache",
          "COVERITY_CLI_CAPTURE_ZIP_ARCHIVE": "/Users/gonz/Code/VibeCoding/TicTaoToe/.bridge/polaris_coverity_capture/idir.zip",
          "COVERITY_CLI_POLARIS_CLIENT": "true",
          "COVERITY_CLI_POLARIS_SIGMA": "/Users/gonz/.blackduck/bridge/tools/sigma/2025.10.0/sigma",
          "COVERITY_NO_LOG_ENVIRONMENT_VARIABLES": "1",
          "PATH": "/Users/gonz/.local/bin:/Applications/cov-analysis-macosx-2025.6.2/bin/:/Applications/bridge-cli_3.7.1/:/Users/gonz/Documents/apache-maven-3.9.9/bin:/Library/Java/JavaVirtualMachines/microsoft-21.jdk/Contents/Home/bin:/opt/homebrew/bin:/opt/homebrew/sbin:/usr/local/bin:/System/Cryptexes/App/usr/bin:/usr/bin:/bin:/usr/sbin:/sbin:/var/run/com.apple.security.cryptexd/codex.system/bootstrap/usr/local/bin:/var/run/com.apple.security.cryptexd/codex.system/bootstrap/usr/bin:/var/run/com.apple.security.cryptexd/codex.system/bootstrap/usr/appleinternal/bin:/Library/Apple/usr/bin:/Applications/VMware Fusion.app/Contents/Public"
        },
        "stdout-tail": [
          "Intermediate directory /Users/gonz/Code/VibeCoding/TicTaoToe/.bridge/polaris_coverity_capture/2025.9.0/idir is compatible"
        ],
        "start-time": "2025-11-12T18:42:03.314542+01:00",
        "end-time": "2025-11-12T18:42:03.337336+01:00",
        "duration": 22793292
      },
      {
        "command-line": "/Users/gonz/.blackduck/bridge/tools/cov-thin-client/2025.9.0/bin/cov-manage-emit --dir /Users/gonz/Code/VibeCoding/TicTaoToe/.bridge/polaris_coverity_capture/2025.9.0/idir reset-host-name",
        "cwd": "/Users/gonz/Code/VibeCoding/TicTaoToe",
        "env": {
          "COVERITY_CACHE_API_TOKEN_FILE": "/var/folders/q4/7hthhtjs1tnbj65766xh6cm40000gp/T/polaris_coverity_cache937803279/.authKey",
          "COVERITY_CACHE_KEY": "5f132b58-8c8c-4ff0-a09f-1097630e2f11",
          "COVERITY_CACHE_URL": "https://poc.polaris.blackduck.com/api/cache",
          "COVERITY_CLI_CAPTURE_ZIP_ARCHIVE": "/Users/gonz/Code/VibeCoding/TicTaoToe/.bridge/polaris_coverity_capture/idir.zip",
          "COVERITY_CLI_POLARIS_CLIENT": "true",
          "COVERITY_CLI_POLARIS_SIGMA": "/Users/gonz/.blackduck/bridge/tools/sigma/2025.10.0/sigma",
          "COVERITY_NO_LOG_ENVIRONMENT_VARIABLES": "1",
          "PATH": "/Users/gonz/.local/bin:/Applications/cov-analysis-macosx-2025.6.2/bin/:/Applications/bridge-cli_3.7.1/:/Users/gonz/Documents/apache-maven-3.9.9/bin:/Library/Java/JavaVirtualMachines/microsoft-21.jdk/Contents/Home/bin:/opt/homebrew/bin:/opt/homebrew/sbin:/usr/local/bin:/System/Cryptexes/App/usr/bin:/usr/bin:/bin:/usr/sbin:/sbin:/var/run/com.apple.security.cryptexd/codex.system/bootstrap/usr/local/bin:/var/run/com.apple.security.cryptexd/codex.system/bootstrap/usr/bin:/var/run/com.apple.security.cryptexd/codex.system/bootstrap/usr/appleinternal/bin:/Library/Apple/usr/bin:/Applications/VMware Fusion.app/Contents/Public"
        },
        "start-time": "2025-11-12T18:42:03.271981+01:00",
        "end-time": "2025-11-12T18:42:03.314424+01:00",
        "duration": 42443541
      },
      {
        "command-line": "/Users/gonz/.blackduck/bridge/tools/cov-thin-client/2025.9.0/bin/cov-internal-manage-cache check",
        "cwd": "/Users/gonz/Code/VibeCoding/TicTaoToe",
        "env": {
          "COVERITY_CACHE_API_TOKEN_FILE": "/var/folders/q4/7hthhtjs1tnbj65766xh6cm40000gp/T/polaris_coverity_cache937803279/.authKey",
          "COVERITY_CACHE_KEY": "5f132b58-8c8c-4ff0-a09f-1097630e2f11",
          "COVERITY_CACHE_URL": "https://poc.polaris.blackduck.com/api/cache",
          "COVERITY_CLI_CAPTURE_ZIP_ARCHIVE": "/Users/gonz/Code/VibeCoding/TicTaoToe/.bridge/polaris_coverity_capture/idir.zip",
          "COVERITY_CLI_POLARIS_CLIENT": "true",
          "COVERITY_CLI_POLARIS_SIGMA": "/Users/gonz/.blackduck/bridge/tools/sigma/2025.10.0/sigma",
          "COVERITY_NO_LOG_ENVIRONMENT_VARIABLES": "1",
          "PATH": "/Users/gonz/.local/bin:/Applications/cov-analysis-macosx-2025.6.2/bin/:/Applications/bridge-cli_3.7.1/:/Users/gonz/Documents/apache-maven-3.9.9/bin:/Library/Java/JavaVirtualMachines/microsoft-21.jdk/Contents/Home/bin:/opt/homebrew/bin:/opt/homebrew/sbin:/usr/local/bin:/System/Cryptexes/App/usr/bin:/usr/bin:/bin:/usr/sbin:/sbin:/var/run/com.apple.security.cryptexd/codex.system/bootstrap/usr/local/bin:/var/run/com.apple.security.cryptexd/codex.system/bootstrap/usr/bin:/var/run/com.apple.security.cryptexd/codex.system/bootstrap/usr/appleinternal/bin:/Library/Apple/usr/bin:/Applications/VMware Fusion.app/Contents/Public"
        },
        "start-time": "2025-11-12T18:42:03.339158+01:00",
        "end-time": "2025-11-12T18:42:04.324521+01:00",
        "duration": 985354500
      },
      {
        "command-line": "/Users/gonz/.blackduck/bridge/tools/cov-thin-client/2025.9.0/bin/cov-manage-emit --dir /Users/gonz/Code/VibeCoding/TicTaoToe/.bridge/polaris_coverity_capture/2025.9.0/idir list-capture-diagnostics",
        "cwd": "/Users/gonz/Code/VibeCoding/TicTaoToe",
        "env": {
          "COVERITY_CACHE_API_TOKEN_FILE": "/var/folders/q4/7hthhtjs1tnbj65766xh6cm40000gp/T/polaris_coverity_cache937803279/.authKey",
          "COVERITY_CACHE_KEY": "5f132b58-8c8c-4ff0-a09f-1097630e2f11",
          "COVERITY_CACHE_URL": "https://poc.polaris.blackduck.com/api/cache",
          "COVERITY_CLI_CAPTURE_ZIP_ARCHIVE": "/Users/gonz/Code/VibeCoding/TicTaoToe/.bridge/polaris_coverity_capture/idir.zip",
          "COVERITY_CLI_POLARIS_CLIENT": "true",
          "COVERITY_CLI_POLARIS_SIGMA": "/Users/gonz/.blackduck/bridge/tools/sigma/2025.10.0/sigma",
          "COVERITY_NO_LOG_ENVIRONMENT_VARIABLES": "1",
          "PATH": "/Users/gonz/.local/bin:/Applications/cov-analysis-macosx-2025.6.2/bin/:/Applications/bridge-cli_3.7.1/:/Users/gonz/Documents/apache-maven-3.9.9/bin:/Library/Java/JavaVirtualMachines/microsoft-21.jdk/Contents/Home/bin:/opt/homebrew/bin:/opt/homebrew/sbin:/usr/local/bin:/System/Cryptexes/App/usr/bin:/usr/bin:/bin:/usr/sbin:/sbin:/var/run/com.apple.security.cryptexd/codex.system/bootstrap/usr/local/bin:/var/run/com.apple.security.cryptexd/codex.system/bootstrap/usr/bin:/var/run/com.apple.security.cryptexd/codex.system/bootstrap/usr/appleinternal/bin:/Library/Apple/usr/bin:/Applications/VMware Fusion.app/Contents/Public"
        },
        "stdout-tail": [
          "        \"id\" : 37,",
          "        \"source-language\" : \"Text data\",",
          "        \"capture-percentage\" : 100,",
          "        \"had-failures\" : false,",
          "        \"had-recoverable-errors\" : false,",
          "        \"had-abstract-syntax-trees\" : false",
          "      }",
          "    }",
          "  ]",
          "}"
        ],
        "start-time": "2025-11-12T18:42:04.503939+01:00",
        "end-time": "2025-11-12T18:42:04.521952+01:00",
        "duration": 18012333
      },
      {
        "command-line": "/Users/gonz/.blackduck/bridge/tools/cov-thin-client/2025.9.0/bin/cov-configure -c /Users/gonz/Code/VibeCoding/TicTaoToe/.bridge/polaris_coverity_capture/2025.9.0/idir/coverity-cli/build-compiler-configs/coverity_config.xml --compiler gcc --comptype clangcc --template",
        "cwd": "/Users/gonz/Code/VibeCoding/TicTaoToe",
        "env": {
          "COVERITY_CACHE_API_TOKEN_FILE": "/var/folders/q4/7hthhtjs1tnbj65766xh6cm40000gp/T/polaris_coverity_cache937803279/.authKey",
          "COVERITY_CACHE_KEY": "5f132b58-8c8c-4ff0-a09f-1097630e2f11",
          "COVERITY_CACHE_URL": "https://poc.polaris.blackduck.com/api/cache",
          "COVERITY_CLI_CAPTURE_ZIP_ARCHIVE": "/Users/gonz/Code/VibeCoding/TicTaoToe/.bridge/polaris_coverity_capture/idir.zip",
          "COVERITY_CLI_POLARIS_CLIENT": "true",
          "COVERITY_CLI_POLARIS_SIGMA": "/Users/gonz/.blackduck/bridge/tools/sigma/2025.10.0/sigma",
          "COVERITY_NO_LOG_ENVIRONMENT_VARIABLES": "1",
          "PATH": "/Users/gonz/.local/bin:/Applications/cov-analysis-macosx-2025.6.2/bin/:/Applications/bridge-cli_3.7.1/:/Users/gonz/Documents/apache-maven-3.9.9/bin:/Library/Java/JavaVirtualMachines/microsoft-21.jdk/Contents/Home/bin:/opt/homebrew/bin:/opt/homebrew/sbin:/usr/local/bin:/System/Cryptexes/App/usr/bin:/usr/bin:/bin:/usr/sbin:/sbin:/var/run/com.apple.security.cryptexd/codex.system/bootstrap/usr/local/bin:/var/run/com.apple.security.cryptexd/codex.system/bootstrap/usr/bin:/var/run/com.apple.security.cryptexd/codex.system/bootstrap/usr/appleinternal/bin:/Library/Apple/usr/bin:/Applications/VMware Fusion.app/Contents/Public"
        },
        "stdout-tail": [
          "",
          "Generated coverity_config.xml at location /Users/gonz/Code/VibeCoding/TicTaoToe/.bridge/polaris_coverity_capture/2025.9.0/idir/coverity-cli/build-compiler-configs/coverity_config.xml",
          "Successfully generated configuration for the compilers: g++ gcc"
        ],
        "start-time": "2025-11-12T18:42:04.618036+01:00",
        "end-time": "2025-11-12T18:42:04.848991+01:00",
        "duration": 230952958
      },
      {
        "command-line": "/Users/gonz/.blackduck/bridge/tools/cov-thin-client/2025.9.0/bin/cov-configure -c /Users/gonz/Code/VibeCoding/TicTaoToe/.bridge/polaris_coverity_capture/2025.9.0/idir/coverity-cli/build-compiler-configs/coverity_config.xml --compiler cc --comptype gcc --template",
        "cwd": "/Users/gonz/Code/VibeCoding/TicTaoToe",
        "env": {
          "COVERITY_CACHE_API_TOKEN_FILE": "/var/folders/q4/7hthhtjs1tnbj65766xh6cm40000gp/T/polaris_coverity_cache937803279/.authKey",
          "COVERITY_CACHE_KEY": "5f132b58-8c8c-4ff0-a09f-1097630e2f11",
          "COVERITY_CACHE_URL": "https://poc.polaris.blackduck.com/api/cache",
          "COVERITY_CLI_CAPTURE_ZIP_ARCHIVE": "/Users/gonz/Code/VibeCoding/TicTaoToe/.bridge/polaris_coverity_capture/idir.zip",
          "COVERITY_CLI_POLARIS_CLIENT": "true",
          "COVERITY_CLI_POLARIS_SIGMA": "/Users/gonz/.blackduck/bridge/tools/sigma/2025.10.0/sigma",
          "COVERITY_NO_LOG_ENVIRONMENT_VARIABLES": "1",
          "PATH": "/Users/gonz/.local/bin:/Applications/cov-analysis-macosx-2025.6.2/bin/:/Applications/bridge-cli_3.7.1/:/Users/gonz/Documents/apache-maven-3.9.9/bin:/Library/Java/JavaVirtualMachines/microsoft-21.jdk/Contents/Home/bin:/opt/homebrew/bin:/opt/homebrew/sbin:/usr/local/bin:/System/Cryptexes/App/usr/bin:/usr/bin:/bin:/usr/sbin:/sbin:/var/run/com.apple.security.cryptexd/codex.system/bootstrap/usr/local/bin:/var/run/com.apple.security.cryptexd/codex.system/bootstrap/usr/bin:/var/run/com.apple.security.cryptexd/codex.system/bootstrap/usr/appleinternal/bin:/Library/Apple/usr/bin:/Applications/VMware Fusion.app/Contents/Public"
        },
        "stdout-tail": [
          "",
          "Generated coverity_config.xml at location /Users/gonz/Code/VibeCoding/TicTaoToe/.bridge/polaris_coverity_capture/2025.9.0/idir/coverity-cli/build-compiler-configs/coverity_config.xml",
          "Successfully generated configuration for the compilers: *-g++ *-gcc ar cc g++-* gcc-* ld"
        ],
        "start-time": "2025-11-12T18:42:04.849138+01:00",
        "end-time": "2025-11-12T18:42:05.040509+01:00",
        "duration": 191369208
      },
      {
        "command-line": "/Users/gonz/.blackduck/bridge/tools/cov-thin-client/2025.9.0/bin/cov-configure -c /Users/gonz/Code/VibeCoding/TicTaoToe/.bridge/polaris_coverity_capture/2025.9.0/idir/coverity-cli/build-compiler-configs/coverity_config.xml --compiler c++ --comptype g++ --template",
        "cwd": "/Users/gonz/Code/VibeCoding/TicTaoToe",
        "env": {
          "COVERITY_CACHE_API_TOKEN_FILE": "/var/folders/q4/7hthhtjs1tnbj65766xh6cm40000gp/T/polaris_coverity_cache937803279/.authKey",
          "COVERITY_CACHE_KEY": "5f132b58-8c8c-4ff0-a09f-1097630e2f11",
          "COVERITY_CACHE_URL": "https://poc.polaris.blackduck.com/api/cache",
          "COVERITY_CLI_CAPTURE_ZIP_ARCHIVE": "/Users/gonz/Code/VibeCoding/TicTaoToe/.bridge/polaris_coverity_capture/idir.zip",
          "COVERITY_CLI_POLARIS_CLIENT": "true",
          "COVERITY_CLI_POLARIS_SIGMA": "/Users/gonz/.blackduck/bridge/tools/sigma/2025.10.0/sigma",
          "COVERITY_NO_LOG_ENVIRONMENT_VARIABLES": "1",
          "PATH": "/Users/gonz/.local/bin:/Applications/cov-analysis-macosx-2025.6.2/bin/:/Applications/bridge-cli_3.7.1/:/Users/gonz/Documents/apache-maven-3.9.9/bin:/Library/Java/JavaVirtualMachines/microsoft-21.jdk/Contents/Home/bin:/opt/homebrew/bin:/opt/homebrew/sbin:/usr/local/bin:/System/Cryptexes/App/usr/bin:/usr/bin:/bin:/usr/sbin:/sbin:/var/run/com.apple.security.cryptexd/codex.system/bootstrap/usr/local/bin:/var/run/com.apple.security.cryptexd/codex.system/bootstrap/usr/bin:/var/run/com.apple.security.cryptexd/codex.system/bootstrap/usr/appleinternal/bin:/Library/Apple/usr/bin:/Applications/VMware Fusion.app/Contents/Public"
        },
        "stdout-tail": [
          "",
          "Generated coverity_config.xml at location /Users/gonz/Code/VibeCoding/TicTaoToe/.bridge/polaris_coverity_capture/2025.9.0/idir/coverity-cli/build-compiler-configs/coverity_config.xml",
          "Successfully generated configuration for the compilers: c++"
        ],
        "start-time": "2025-11-12T18:42:05.040675+01:00",
        "end-time": "2025-11-12T18:42:05.239989+01:00",
        "duration": 199311916
      },
      {
        "command-line": "/Users/gonz/.blackduck/bridge/tools/cov-thin-client/2025.9.0/bin/cov-configure -c /Users/gonz/Code/VibeCoding/TicTaoToe/.bridge/polaris_coverity_capture/2025.9.0/idir/coverity-cli/build-compiler-configs/coverity_config.xml --compiler clang --comptype clangcc --template",
        "cwd": "/Users/gonz/Code/VibeCoding/TicTaoToe",
        "env": {
          "COVERITY_CACHE_API_TOKEN_FILE": "/var/folders/q4/7hthhtjs1tnbj65766xh6cm40000gp/T/polaris_coverity_cache937803279/.authKey",
          "COVERITY_CACHE_KEY": "5f132b58-8c8c-4ff0-a09f-1097630e2f11",
          "COVERITY_CACHE_URL": "https://poc.polaris.blackduck.com/api/cache",
          "COVERITY_CLI_CAPTURE_ZIP_ARCHIVE": "/Users/gonz/Code/VibeCoding/TicTaoToe/.bridge/polaris_coverity_capture/idir.zip",
          "COVERITY_CLI_POLARIS_CLIENT": "true",
          "COVERITY_CLI_POLARIS_SIGMA": "/Users/gonz/.blackduck/bridge/tools/sigma/2025.10.0/sigma",
          "COVERITY_NO_LOG_ENVIRONMENT_VARIABLES": "1",
          "PATH": "/Users/gonz/.local/bin:/Applications/cov-analysis-macosx-2025.6.2/bin/:/Applications/bridge-cli_3.7.1/:/Users/gonz/Documents/apache-maven-3.9.9/bin:/Library/Java/JavaVirtualMachines/microsoft-21.jdk/Contents/Home/bin:/opt/homebrew/bin:/opt/homebrew/sbin:/usr/local/bin:/System/Cryptexes/App/usr/bin:/usr/bin:/bin:/usr/sbin:/sbin:/var/run/com.apple.security.cryptexd/codex.system/bootstrap/usr/local/bin:/var/run/com.apple.security.cryptexd/codex.system/bootstrap/usr/bin:/var/run/com.apple.security.cryptexd/codex.system/bootstrap/usr/appleinternal/bin:/Library/Apple/usr/bin:/Applications/VMware Fusion.app/Contents/Public"
        },
        "stdout-tail": [
          "",
          "Generated coverity_config.xml at location /Users/gonz/Code/VibeCoding/TicTaoToe/.bridge/polaris_coverity_capture/2025.9.0/idir/coverity-cli/build-compiler-configs/coverity_config.xml",
          "Successfully generated configuration for the compilers: clang clang++"
        ],
        "start-time": "2025-11-12T18:42:05.240515+01:00",
        "end-time": "2025-11-12T18:42:05.448554+01:00",
        "duration": 208037417
      },
      {
        "command-line": "/Users/gonz/.blackduck/bridge/tools/cov-thin-client/2025.9.0/bin/cov-configure -c /Users/gonz/Code/VibeCoding/TicTaoToe/.bridge/polaris_coverity_capture/2025.9.0/idir/coverity-cli/build-compiler-configs/coverity_config.xml --compiler java --comptype java --template",
        "cwd": "/Users/gonz/Code/VibeCoding/TicTaoToe",
        "env": {
          "COVERITY_CACHE_API_TOKEN_FILE": "/var/folders/q4/7hthhtjs1tnbj65766xh6cm40000gp/T/polaris_coverity_cache937803279/.authKey",
          "COVERITY_CACHE_KEY": "5f132b58-8c8c-4ff0-a09f-1097630e2f11",
          "COVERITY_CACHE_URL": "https://poc.polaris.blackduck.com/api/cache",
          "COVERITY_CLI_CAPTURE_ZIP_ARCHIVE": "/Users/gonz/Code/VibeCoding/TicTaoToe/.bridge/polaris_coverity_capture/idir.zip",
          "COVERITY_CLI_POLARIS_CLIENT": "true",
          "COVERITY_CLI_POLARIS_SIGMA": "/Users/gonz/.blackduck/bridge/tools/sigma/2025.10.0/sigma",
          "COVERITY_NO_LOG_ENVIRONMENT_VARIABLES": "1",
          "PATH": "/Users/gonz/.local/bin:/Applications/cov-analysis-macosx-2025.6.2/bin/:/Applications/bridge-cli_3.7.1/:/Users/gonz/Documents/apache-maven-3.9.9/bin:/Library/Java/JavaVirtualMachines/microsoft-21.jdk/Contents/Home/bin:/opt/homebrew/bin:/opt/homebrew/sbin:/usr/local/bin:/System/Cryptexes/App/usr/bin:/usr/bin:/bin:/usr/sbin:/sbin:/var/run/com.apple.security.cryptexd/codex.system/bootstrap/usr/local/bin:/var/run/com.apple.security.cryptexd/codex.system/bootstrap/usr/bin:/var/run/com.apple.security.cryptexd/codex.system/bootstrap/usr/appleinternal/bin:/Library/Apple/usr/bin:/Applications/VMware Fusion.app/Contents/Public"
        },
        "stdout-tail": [
          "",
          "Generated coverity_config.xml at location /Users/gonz/Code/VibeCoding/TicTaoToe/.bridge/polaris_coverity_capture/2025.9.0/idir/coverity-cli/build-compiler-configs/coverity_config.xml",
          "Successfully generated configuration for the compilers: apt java javac javaw",
          "Successfully generated configuration for the buildless capture patterns: jar"
        ],
        "start-time": "2025-11-12T18:42:05.448715+01:00",
        "end-time": "2025-11-12T18:42:05.646073+01:00",
        "duration": 197356584
      },
      {
        "command-line": "/Users/gonz/.blackduck/bridge/tools/cov-thin-client/2025.9.0/bin/cov-configure -c /Users/gonz/Code/VibeCoding/TicTaoToe/.bridge/polaris_coverity_capture/2025.9.0/idir/coverity-cli/build-compiler-configs/coverity_config.xml --compiler go --comptype go --template",
        "cwd": "/Users/gonz/Code/VibeCoding/TicTaoToe",
        "env": {
          "COVERITY_CACHE_API_TOKEN_FILE": "/var/folders/q4/7hthhtjs1tnbj65766xh6cm40000gp/T/polaris_coverity_cache937803279/.authKey",
          "COVERITY_CACHE_KEY": "5f132b58-8c8c-4ff0-a09f-1097630e2f11",
          "COVERITY_CACHE_URL": "https://poc.polaris.blackduck.com/api/cache",
          "COVERITY_CLI_CAPTURE_ZIP_ARCHIVE": "/Users/gonz/Code/VibeCoding/TicTaoToe/.bridge/polaris_coverity_capture/idir.zip",
          "COVERITY_CLI_POLARIS_CLIENT": "true",
          "COVERITY_CLI_POLARIS_SIGMA": "/Users/gonz/.blackduck/bridge/tools/sigma/2025.10.0/sigma",
          "COVERITY_NO_LOG_ENVIRONMENT_VARIABLES": "1",
          "PATH": "/Users/gonz/.local/bin:/Applications/cov-analysis-macosx-2025.6.2/bin/:/Applications/bridge-cli_3.7.1/:/Users/gonz/Documents/apache-maven-3.9.9/bin:/Library/Java/JavaVirtualMachines/microsoft-21.jdk/Contents/Home/bin:/opt/homebrew/bin:/opt/homebrew/sbin:/usr/local/bin:/System/Cryptexes/App/usr/bin:/usr/bin:/bin:/usr/sbin:/sbin:/var/run/com.apple.security.cryptexd/codex.system/bootstrap/usr/local/bin:/var/run/com.apple.security.cryptexd/codex.system/bootstrap/usr/bin:/var/run/com.apple.security.cryptexd/codex.system/bootstrap/usr/appleinternal/bin:/Library/Apple/usr/bin:/Applications/VMware Fusion.app/Contents/Public"
        },
        "stdout-tail": [
          "",
          "Generated coverity_config.xml at location /Users/gonz/Code/VibeCoding/TicTaoToe/.bridge/polaris_coverity_capture/2025.9.0/idir/coverity-cli/build-compiler-configs/coverity_config.xml",
          "Successfully generated configuration for the compilers: go"
        ],
        "start-time": "2025-11-12T18:42:05.646397+01:00",
        "end-time": "2025-11-12T18:42:05.842786+01:00",
        "duration": 196387292
      },
      {
        "command-line": "/Users/gonz/.blackduck/bridge/tools/cov-thin-client/2025.9.0/bin/cov-configure -c /Users/gonz/Code/VibeCoding/TicTaoToe/.bridge/polaris_coverity_capture/2025.9.0/idir/coverity-cli/build-compiler-configs/coverity_config.xml --compiler ccache --comptype prefix --template",
        "cwd": "/Users/gonz/Code/VibeCoding/TicTaoToe",
        "env": {
          "COVERITY_CACHE_API_TOKEN_FILE": "/var/folders/q4/7hthhtjs1tnbj65766xh6cm40000gp/T/polaris_coverity_cache937803279/.authKey",
          "COVERITY_CACHE_KEY": "5f132b58-8c8c-4ff0-a09f-1097630e2f11",
          "COVERITY_CACHE_URL": "https://poc.polaris.blackduck.com/api/cache",
          "COVERITY_CLI_CAPTURE_ZIP_ARCHIVE": "/Users/gonz/Code/VibeCoding/TicTaoToe/.bridge/polaris_coverity_capture/idir.zip",
          "COVERITY_CLI_POLARIS_CLIENT": "true",
          "COVERITY_CLI_POLARIS_SIGMA": "/Users/gonz/.blackduck/bridge/tools/sigma/2025.10.0/sigma",
          "COVERITY_NO_LOG_ENVIRONMENT_VARIABLES": "1",
          "PATH": "/Users/gonz/.local/bin:/Applications/cov-analysis-macosx-2025.6.2/bin/:/Applications/bridge-cli_3.7.1/:/Users/gonz/Documents/apache-maven-3.9.9/bin:/Library/Java/JavaVirtualMachines/microsoft-21.jdk/Contents/Home/bin:/opt/homebrew/bin:/opt/homebrew/sbin:/usr/local/bin:/System/Cryptexes/App/usr/bin:/usr/bin:/bin:/usr/sbin:/sbin:/var/run/com.apple.security.cryptexd/codex.system/bootstrap/usr/local/bin:/var/run/com.apple.security.cryptexd/codex.system/bootstrap/usr/bin:/var/run/com.apple.security.cryptexd/codex.system/bootstrap/usr/appleinternal/bin:/Library/Apple/usr/bin:/Applications/VMware Fusion.app/Contents/Public"
        },
        "stdout-tail": [
          "",
          "Generated coverity_config.xml at location /Users/gonz/Code/VibeCoding/TicTaoToe/.bridge/polaris_coverity_capture/2025.9.0/idir/coverity-cli/build-compiler-configs/coverity_config.xml",
          "Successfully generated configuration for the compilers: ccache"
        ],
        "start-time": "2025-11-12T18:42:05.842939+01:00",
        "end-time": "2025-11-12T18:42:06.041151+01:00",
        "duration": 198210125
      },
      {
        "command-line": "/Users/gonz/.blackduck/bridge/tools/cov-thin-client/2025.9.0/bin/cov-configure -c /Users/gonz/Code/VibeCoding/TicTaoToe/.bridge/polaris_coverity_capture/2025.9.0/idir/coverity-cli/build-compiler-configs/coverity_config.xml --compiler kotlinc --comptype kotlinc --template",
        "cwd": "/Users/gonz/Code/VibeCoding/TicTaoToe",
        "env": {
          "COVERITY_CACHE_API_TOKEN_FILE": "/var/folders/q4/7hthhtjs1tnbj65766xh6cm40000gp/T/polaris_coverity_cache937803279/.authKey",
          "COVERITY_CACHE_KEY": "5f132b58-8c8c-4ff0-a09f-1097630e2f11",
          "COVERITY_CACHE_URL": "https://poc.polaris.blackduck.com/api/cache",
          "COVERITY_CLI_CAPTURE_ZIP_ARCHIVE": "/Users/gonz/Code/VibeCoding/TicTaoToe/.bridge/polaris_coverity_capture/idir.zip",
          "COVERITY_CLI_POLARIS_CLIENT": "true",
          "COVERITY_CLI_POLARIS_SIGMA": "/Users/gonz/.blackduck/bridge/tools/sigma/2025.10.0/sigma",
          "COVERITY_NO_LOG_ENVIRONMENT_VARIABLES": "1",
          "PATH": "/Users/gonz/.local/bin:/Applications/cov-analysis-macosx-2025.6.2/bin/:/Applications/bridge-cli_3.7.1/:/Users/gonz/Documents/apache-maven-3.9.9/bin:/Library/Java/JavaVirtualMachines/microsoft-21.jdk/Contents/Home/bin:/opt/homebrew/bin:/opt/homebrew/sbin:/usr/local/bin:/System/Cryptexes/App/usr/bin:/usr/bin:/bin:/usr/sbin:/sbin:/var/run/com.apple.security.cryptexd/codex.system/bootstrap/usr/local/bin:/var/run/com.apple.security.cryptexd/codex.system/bootstrap/usr/bin:/var/run/com.apple.security.cryptexd/codex.system/bootstrap/usr/appleinternal/bin:/Library/Apple/usr/bin:/Applications/VMware Fusion.app/Contents/Public"
        },
        "stdout-tail": [
          "",
          "Generated coverity_config.xml at location /Users/gonz/Code/VibeCoding/TicTaoToe/.bridge/polaris_coverity_capture/2025.9.0/idir/coverity-cli/build-compiler-configs/coverity_config.xml",
          "Successfully generated configuration for the compilers: kotlin kotlinc",
          "Successfully generated configuration for the buildless capture patterns: android kotlin-module"
        ],
        "stderr-tail": [
          "[WARNING] Template config template-java-config-0 already exists for java and will be reused. ",
          "[WARNING] Template config template-apt-config-0 already exists for apt and will be reused. ",
          "[WARNING] Template config template-javaw-config-0 already exists for javaw and will be reused. "
        ],
        "start-time": "2025-11-12T18:42:06.04131+01:00",
        "end-time": "2025-11-12T18:42:06.239643+01:00",
        "duration": 198331042
      },
      {
        "command-line": "/Users/gonz/.blackduck/bridge/tools/cov-thin-client/2025.9.0/bin/cov-configure -c /Users/gonz/Code/VibeCoding/TicTaoToe/.bridge/polaris_coverity_capture/2025.9.0/idir/coverity-cli/buildless-compiler-configs/coverity_config.xml --dart",
        "cwd": "/Users/gonz/Code/VibeCoding/TicTaoToe",
        "env": {
          "COVERITY_CACHE_API_TOKEN_FILE": "/var/folders/q4/7hthhtjs1tnbj65766xh6cm40000gp/T/polaris_coverity_cache937803279/.authKey",
          "COVERITY_CACHE_KEY": "5f132b58-8c8c-4ff0-a09f-1097630e2f11",
          "COVERITY_CACHE_URL": "https://poc.polaris.blackduck.com/api/cache",
          "COVERITY_CLI_CAPTURE_ZIP_ARCHIVE": "/Users/gonz/Code/VibeCoding/TicTaoToe/.bridge/polaris_coverity_capture/idir.zip",
          "COVERITY_CLI_POLARIS_CLIENT": "true",
          "COVERITY_CLI_POLARIS_SIGMA": "/Users/gonz/.blackduck/bridge/tools/sigma/2025.10.0/sigma",
          "COVERITY_NO_LOG_ENVIRONMENT_VARIABLES": "1",
          "PATH": "/Users/gonz/.local/bin:/Applications/cov-analysis-macosx-2025.6.2/bin/:/Applications/bridge-cli_3.7.1/:/Users/gonz/Documents/apache-maven-3.9.9/bin:/Library/Java/JavaVirtualMachines/microsoft-21.jdk/Contents/Home/bin:/opt/homebrew/bin:/opt/homebrew/sbin:/usr/local/bin:/System/Cryptexes/App/usr/bin:/usr/bin:/bin:/usr/sbin:/sbin:/var/run/com.apple.security.cryptexd/codex.system/bootstrap/usr/local/bin:/var/run/com.apple.security.cryptexd/codex.system/bootstrap/usr/bin:/var/run/com.apple.security.cryptexd/codex.system/bootstrap/usr/appleinternal/bin:/Library/Apple/usr/bin:/Applications/VMware Fusion.app/Contents/Public"
        },
        "stdout-tail": [
          "",
          "Generated coverity_config.xml at location /Users/gonz/Code/VibeCoding/TicTaoToe/.bridge/polaris_coverity_capture/2025.9.0/idir/coverity-cli/buildless-compiler-configs/coverity_config.xml",
          "Successfully generated configuration for the buildless capture patterns: capture-config-files dart"
        ],
        "start-time": "2025-11-12T18:42:06.239775+01:00",
        "end-time": "2025-11-12T18:42:06.427525+01:00",
        "duration": 187748667
      },
      {
        "command-line": "/Users/gonz/.blackduck/bridge/tools/cov-thin-client/2025.9.0/bin/cov-configure -c /Users/gonz/Code/VibeCoding/TicTaoToe/.bridge/polaris_coverity_capture/2025.9.0/idir/coverity-cli/buildless-compiler-configs/coverity_config.xml --javascript",
        "cwd": "/Users/gonz/Code/VibeCoding/TicTaoToe",
        "env": {
          "COVERITY_CACHE_API_TOKEN_FILE": "/var/folders/q4/7hthhtjs1tnbj65766xh6cm40000gp/T/polaris_coverity_cache937803279/.authKey",
          "COVERITY_CACHE_KEY": "5f132b58-8c8c-4ff0-a09f-1097630e2f11",
          "COVERITY_CACHE_URL": "https://poc.polaris.blackduck.com/api/cache",
          "COVERITY_CLI_CAPTURE_ZIP_ARCHIVE": "/Users/gonz/Code/VibeCoding/TicTaoToe/.bridge/polaris_coverity_capture/idir.zip",
          "COVERITY_CLI_POLARIS_CLIENT": "true",
          "COVERITY_CLI_POLARIS_SIGMA": "/Users/gonz/.blackduck/bridge/tools/sigma/2025.10.0/sigma",
          "COVERITY_NO_LOG_ENVIRONMENT_VARIABLES": "1",
          "PATH": "/Users/gonz/.local/bin:/Applications/cov-analysis-macosx-2025.6.2/bin/:/Applications/bridge-cli_3.7.1/:/Users/gonz/Documents/apache-maven-3.9.9/bin:/Library/Java/JavaVirtualMachines/microsoft-21.jdk/Contents/Home/bin:/opt/homebrew/bin:/opt/homebrew/sbin:/usr/local/bin:/System/Cryptexes/App/usr/bin:/usr/bin:/bin:/usr/sbin:/sbin:/var/run/com.apple.security.cryptexd/codex.system/bootstrap/usr/local/bin:/var/run/com.apple.security.cryptexd/codex.system/bootstrap/usr/bin:/var/run/com.apple.security.cryptexd/codex.system/bootstrap/usr/appleinternal/bin:/Library/Apple/usr/bin:/Applications/VMware Fusion.app/Contents/Public"
        },
        "stdout-tail": [
          "[NOTE] This Coverity installation only supports record with source for \"javascript\". Attempts to capture source files for this language without specifying --record-with-source to cov-build will be ignored.",
          "",
          "Generated coverity_config.xml at location /Users/gonz/Code/VibeCoding/TicTaoToe/.bridge/polaris_coverity_capture/2025.9.0/idir/coverity-cli/buildless-compiler-configs/coverity_config.xml",
          "Successfully generated configuration for the buildless capture patterns: capture-config-files html javascript jsx typescript vue"
        ],
        "start-time": "2025-11-12T18:42:06.427675+01:00",
        "end-time": "2025-11-12T18:42:06.620485+01:00",
        "duration": 192807916
      },
      {
        "command-line": "/Users/gonz/.blackduck/bridge/tools/cov-thin-client/2025.9.0/bin/cov-configure -c /Users/gonz/Code/VibeCoding/TicTaoToe/.bridge/polaris_coverity_capture/2025.9.0/idir/coverity-cli/buildless-compiler-configs/coverity_config.xml --php",
        "cwd": "/Users/gonz/Code/VibeCoding/TicTaoToe",
        "env": {
          "COVERITY_CACHE_API_TOKEN_FILE": "/var/folders/q4/7hthhtjs1tnbj65766xh6cm40000gp/T/polaris_coverity_cache937803279/.authKey",
          "COVERITY_CACHE_KEY": "5f132b58-8c8c-4ff0-a09f-1097630e2f11",
          "COVERITY_CACHE_URL": "https://poc.polaris.blackduck.com/api/cache",
          "COVERITY_CLI_CAPTURE_ZIP_ARCHIVE": "/Users/gonz/Code/VibeCoding/TicTaoToe/.bridge/polaris_coverity_capture/idir.zip",
          "COVERITY_CLI_POLARIS_CLIENT": "true",
          "COVERITY_CLI_POLARIS_SIGMA": "/Users/gonz/.blackduck/bridge/tools/sigma/2025.10.0/sigma",
          "COVERITY_NO_LOG_ENVIRONMENT_VARIABLES": "1",
          "PATH": "/Users/gonz/.local/bin:/Applications/cov-analysis-macosx-2025.6.2/bin/:/Applications/bridge-cli_3.7.1/:/Users/gonz/Documents/apache-maven-3.9.9/bin:/Library/Java/JavaVirtualMachines/microsoft-21.jdk/Contents/Home/bin:/opt/homebrew/bin:/opt/homebrew/sbin:/usr/local/bin:/System/Cryptexes/App/usr/bin:/usr/bin:/bin:/usr/sbin:/sbin:/var/run/com.apple.security.cryptexd/codex.system/bootstrap/usr/local/bin:/var/run/com.apple.security.cryptexd/codex.system/bootstrap/usr/bin:/var/run/com.apple.security.cryptexd/codex.system/bootstrap/usr/appleinternal/bin:/Library/Apple/usr/bin:/Applications/VMware Fusion.app/Contents/Public"
        },
        "stdout-tail": [
          "",
          "Generated coverity_config.xml at location /Users/gonz/Code/VibeCoding/TicTaoToe/.bridge/polaris_coverity_capture/2025.9.0/idir/coverity-cli/buildless-compiler-configs/coverity_config.xml",
          "Successfully generated configuration for the buildless capture patterns: capture-config-files php"
        ],
        "start-time": "2025-11-12T18:42:06.620621+01:00",
        "end-time": "2025-11-12T18:42:06.815298+01:00",
        "duration": 194675791
      },
      {
        "command-line": "/Users/gonz/.blackduck/bridge/tools/cov-thin-client/2025.9.0/bin/cov-configure -c /Users/gonz/Code/VibeCoding/TicTaoToe/.bridge/polaris_coverity_capture/2025.9.0/idir/coverity-cli/buildless-compiler-configs/coverity_config.xml --python",
        "cwd": "/Users/gonz/Code/VibeCoding/TicTaoToe",
        "env": {
          "COVERITY_CACHE_API_TOKEN_FILE": "/var/folders/q4/7hthhtjs1tnbj65766xh6cm40000gp/T/polaris_coverity_cache937803279/.authKey",
          "COVERITY_CACHE_KEY": "5f132b58-8c8c-4ff0-a09f-1097630e2f11",
          "COVERITY_CACHE_URL": "https://poc.polaris.blackduck.com/api/cache",
          "COVERITY_CLI_CAPTURE_ZIP_ARCHIVE": "/Users/gonz/Code/VibeCoding/TicTaoToe/.bridge/polaris_coverity_capture/idir.zip",
          "COVERITY_CLI_POLARIS_CLIENT": "true",
          "COVERITY_CLI_POLARIS_SIGMA": "/Users/gonz/.blackduck/bridge/tools/sigma/2025.10.0/sigma",
          "COVERITY_NO_LOG_ENVIRONMENT_VARIABLES": "1",
          "PATH": "/Users/gonz/.local/bin:/Applications/cov-analysis-macosx-2025.6.2/bin/:/Applications/bridge-cli_3.7.1/:/Users/gonz/Documents/apache-maven-3.9.9/bin:/Library/Java/JavaVirtualMachines/microsoft-21.jdk/Contents/Home/bin:/opt/homebrew/bin:/opt/homebrew/sbin:/usr/local/bin:/System/Cryptexes/App/usr/bin:/usr/bin:/bin:/usr/sbin:/sbin:/var/run/com.apple.security.cryptexd/codex.system/bootstrap/usr/local/bin:/var/run/com.apple.security.cryptexd/codex.system/bootstrap/usr/bin:/var/run/com.apple.security.cryptexd/codex.system/bootstrap/usr/appleinternal/bin:/Library/Apple/usr/bin:/Applications/VMware Fusion.app/Contents/Public"
        },
        "stdout-tail": [
          "",
          "Generated coverity_config.xml at location /Users/gonz/Code/VibeCoding/TicTaoToe/.bridge/polaris_coverity_capture/2025.9.0/idir/coverity-cli/buildless-compiler-configs/coverity_config.xml",
          "Successfully generated configuration for the buildless capture patterns: capture-config-files python"
        ],
        "start-time": "2025-11-12T18:42:06.815456+01:00",
        "end-time": "2025-11-12T18:42:07.012998+01:00",
        "duration": 197539583
      },
      {
        "command-line": "/Users/gonz/.blackduck/bridge/tools/cov-thin-client/2025.9.0/bin/cov-configure -c /Users/gonz/Code/VibeCoding/TicTaoToe/.bridge/polaris_coverity_capture/2025.9.0/idir/coverity-cli/buildless-compiler-configs/coverity_config.xml --ruby",
        "cwd": "/Users/gonz/Code/VibeCoding/TicTaoToe",
        "env": {
          "COVERITY_CACHE_API_TOKEN_FILE": "/var/folders/q4/7hthhtjs1tnbj65766xh6cm40000gp/T/polaris_coverity_cache937803279/.authKey",
          "COVERITY_CACHE_KEY": "5f132b58-8c8c-4ff0-a09f-1097630e2f11",
          "COVERITY_CACHE_URL": "https://poc.polaris.blackduck.com/api/cache",
          "COVERITY_CLI_CAPTURE_ZIP_ARCHIVE": "/Users/gonz/Code/VibeCoding/TicTaoToe/.bridge/polaris_coverity_capture/idir.zip",
          "COVERITY_CLI_POLARIS_CLIENT": "true",
          "COVERITY_CLI_POLARIS_SIGMA": "/Users/gonz/.blackduck/bridge/tools/sigma/2025.10.0/sigma",
          "COVERITY_NO_LOG_ENVIRONMENT_VARIABLES": "1",
          "PATH": "/Users/gonz/.local/bin:/Applications/cov-analysis-macosx-2025.6.2/bin/:/Applications/bridge-cli_3.7.1/:/Users/gonz/Documents/apache-maven-3.9.9/bin:/Library/Java/JavaVirtualMachines/microsoft-21.jdk/Contents/Home/bin:/opt/homebrew/bin:/opt/homebrew/sbin:/usr/local/bin:/System/Cryptexes/App/usr/bin:/usr/bin:/bin:/usr/sbin:/sbin:/var/run/com.apple.security.cryptexd/codex.system/bootstrap/usr/local/bin:/var/run/com.apple.security.cryptexd/codex.system/bootstrap/usr/bin:/var/run/com.apple.security.cryptexd/codex.system/bootstrap/usr/appleinternal/bin:/Library/Apple/usr/bin:/Applications/VMware Fusion.app/Contents/Public"
        },
        "stdout-tail": [
          "",
          "Generated coverity_config.xml at location /Users/gonz/Code/VibeCoding/TicTaoToe/.bridge/polaris_coverity_capture/2025.9.0/idir/coverity-cli/buildless-compiler-configs/coverity_config.xml",
          "Successfully generated configuration for the buildless capture patterns: capture-config-files ruby"
        ],
        "start-time": "2025-11-12T18:42:07.013143+01:00",
        "end-time": "2025-11-12T18:42:07.209052+01:00",
        "duration": 195908083
      },
      {
        "command-line": "/Users/gonz/.blackduck/bridge/tools/cov-thin-client/2025.9.0/bin/cov-configure -c /Users/gonz/Code/VibeCoding/TicTaoToe/.bridge/polaris_coverity_capture/2025.9.0/idir/coverity-cli/buildless-compiler-configs/coverity_config.xml --comptype capture-config-files --file-regex $capture-config-files$ --template",
        "cwd": "/Users/gonz/Code/VibeCoding/TicTaoToe",
        "env": {
          "COVERITY_CACHE_API_TOKEN_FILE": "/var/folders/q4/7hthhtjs1tnbj65766xh6cm40000gp/T/polaris_coverity_cache937803279/.authKey",
          "COVERITY_CACHE_KEY": "5f132b58-8c8c-4ff0-a09f-1097630e2f11",
          "COVERITY_CACHE_URL": "https://poc.polaris.blackduck.com/api/cache",
          "COVERITY_CLI_CAPTURE_ZIP_ARCHIVE": "/Users/gonz/Code/VibeCoding/TicTaoToe/.bridge/polaris_coverity_capture/idir.zip",
          "COVERITY_CLI_POLARIS_CLIENT": "true",
          "COVERITY_CLI_POLARIS_SIGMA": "/Users/gonz/.blackduck/bridge/tools/sigma/2025.10.0/sigma",
          "COVERITY_NO_LOG_ENVIRONMENT_VARIABLES": "1",
          "PATH": "/Users/gonz/.local/bin:/Applications/cov-analysis-macosx-2025.6.2/bin/:/Applications/bridge-cli_3.7.1/:/Users/gonz/Documents/apache-maven-3.9.9/bin:/Library/Java/JavaVirtualMachines/microsoft-21.jdk/Contents/Home/bin:/opt/homebrew/bin:/opt/homebrew/sbin:/usr/local/bin:/System/Cryptexes/App/usr/bin:/usr/bin:/bin:/usr/sbin:/sbin:/var/run/com.apple.security.cryptexd/codex.system/bootstrap/usr/local/bin:/var/run/com.apple.security.cryptexd/codex.system/bootstrap/usr/bin:/var/run/com.apple.security.cryptexd/codex.system/bootstrap/usr/appleinternal/bin:/Library/Apple/usr/bin:/Applications/VMware Fusion.app/Contents/Public"
        },
        "stderr-tail": [
          "[WARNING] Configuration already exists for file regex $capture-config-files$",
          "          and it will not be updated."
        ],
        "start-time": "2025-11-12T18:42:07.209229+01:00",
        "end-time": "2025-11-12T18:42:07.229419+01:00",
        "duration": 20189833
      },
      {
        "command-line": "sh -c npm clean",
        "cwd": "/Users/gonz/Code/VibeCoding/TicTaoToe/backend/node_modules/bcrypt",
        "env": {
          "COVERITY_CACHE_API_TOKEN_FILE": "/var/folders/q4/7hthhtjs1tnbj65766xh6cm40000gp/T/polaris_coverity_cache937803279/.authKey",
          "COVERITY_CACHE_KEY": "5f132b58-8c8c-4ff0-a09f-1097630e2f11",
          "COVERITY_CACHE_URL": "https://poc.polaris.blackduck.com/api/cache",
          "COVERITY_CLI_CAPTURE_ZIP_ARCHIVE": "/Users/gonz/Code/VibeCoding/TicTaoToe/.bridge/polaris_coverity_capture/idir.zip",
          "COVERITY_CLI_POLARIS_CLIENT": "true",
          "COVERITY_CLI_POLARIS_SIGMA": "/Users/gonz/.blackduck/bridge/tools/sigma/2025.10.0/sigma",
          "COVERITY_NO_LOG_ENVIRONMENT_VARIABLES": "1",
          "PATH": "/Users/gonz/.local/bin:/Applications/cov-analysis-macosx-2025.6.2/bin/:/Applications/bridge-cli_3.7.1/:/Users/gonz/Documents/apache-maven-3.9.9/bin:/Library/Java/JavaVirtualMachines/microsoft-21.jdk/Contents/Home/bin:/opt/homebrew/bin:/opt/homebrew/sbin:/usr/local/bin:/System/Cryptexes/App/usr/bin:/usr/bin:/bin:/usr/sbin:/sbin:/var/run/com.apple.security.cryptexd/codex.system/bootstrap/usr/local/bin:/var/run/com.apple.security.cryptexd/codex.system/bootstrap/usr/bin:/var/run/com.apple.security.cryptexd/codex.system/bootstrap/usr/appleinternal/bin:/Library/Apple/usr/bin:/Applications/VMware Fusion.app/Contents/Public"
        },
        "exit-code": 1,
        "stdout-tail": [
          "Unknown command: \"clean\"",
          "",
          "To see a list of supported npm commands, run:",
          "  npm help"
        ],
        "start-time": "2025-11-12T18:42:07.512489+01:00",
        "end-time": "2025-11-12T18:42:07.734595+01:00",
        "duration": 222104375
      },
      {
        "command-line": "/Users/gonz/.blackduck/bridge/tools/cov-thin-client/2025.9.0/bin/cov-build --dir /Users/gonz/Code/VibeCoding/TicTaoToe/.bridge/polaris_coverity_capture/2025.9.0/idir -c /Users/gonz/Code/VibeCoding/TicTaoToe/.bridge/polaris_coverity_capture/2025.9.0/idir/coverity-cli/build-compiler-configs/coverity_config.xml --append-log --no-security-da --record-with-source --no-xrefs --enable-scan-transparency-data --bytecode-caching --force npm install",
        "cwd": "/Users/gonz/Code/VibeCoding/TicTaoToe/backend/node_modules/bcrypt",
        "env": {
          "COVERITY_CACHE_API_TOKEN_FILE": "/var/folders/q4/7hthhtjs1tnbj65766xh6cm40000gp/T/polaris_coverity_cache937803279/.authKey",
          "COVERITY_CACHE_KEY": "5f132b58-8c8c-4ff0-a09f-1097630e2f11",
          "COVERITY_CACHE_URL": "https://poc.polaris.blackduck.com/api/cache",
          "COVERITY_CLI_CAPTURE_ZIP_ARCHIVE": "/Users/gonz/Code/VibeCoding/TicTaoToe/.bridge/polaris_coverity_capture/idir.zip",
          "COVERITY_CLI_POLARIS_CLIENT": "true",
          "COVERITY_CLI_POLARIS_SIGMA": "/Users/gonz/.blackduck/bridge/tools/sigma/2025.10.0/sigma",
          "COVERITY_NO_LOG_ENVIRONMENT_VARIABLES": "1",
          "PATH": "/Users/gonz/.local/bin:/Applications/cov-analysis-macosx-2025.6.2/bin/:/Applications/bridge-cli_3.7.1/:/Users/gonz/Documents/apache-maven-3.9.9/bin:/Library/Java/JavaVirtualMachines/microsoft-21.jdk/Contents/Home/bin:/opt/homebrew/bin:/opt/homebrew/sbin:/usr/local/bin:/System/Cryptexes/App/usr/bin:/usr/bin:/bin:/usr/sbin:/sbin:/var/run/com.apple.security.cryptexd/codex.system/bootstrap/usr/local/bin:/var/run/com.apple.security.cryptexd/codex.system/bootstrap/usr/bin:/var/run/com.apple.security.cryptexd/codex.system/bootstrap/usr/appleinternal/bin:/Library/Apple/usr/bin:/Applications/VMware Fusion.app/Contents/Public"
        },
        "stdout-tail": [
          "up to date, audited 308 packages in 2s",
          "",
          "35 packages are looking for funding",
          "  run `npm fund` for details",
          "",
          "found 0 vulnerabilities",
          "Attempting to detect unconfigured compilers in build",
          "|0----------25-----------50----------75---------100|",
          "****************************************************",
          "The cov-build utility completed successfully."
        ],
        "stderr-tail": [
          "node-pre-gyp info it worked if it ends with ok",
          "node-pre-gyp info using node-pre-gyp@1.0.11",
          "node-pre-gyp info using node@24.4.1 | darwin | arm64",
          "node-pre-gyp info ok "
        ],
        "start-time": "2025-11-12T18:42:07.734689+01:00",
        "end-time": "2025-11-12T18:42:13.954436+01:00",
        "duration": 6219691000,
        "meta": {
          "build-metrics": {
            "args": "/Users/gonz/.blackduck/bridge/tools/cov-thin-client/2025.9.0/bin/cov-build --dir /Users/gonz/Code/VibeCoding/TicTaoToe/.bridge/polaris_coverity_capture/2025.9.0/idir -c /Users/gonz/Code/VibeCoding/TicTaoToe/.bridge/polaris_coverity_capture/2025.9.0/idir/coverity-cli/build-compiler-configs/coverity_config.xml --append-log --no-security-da --record-with-source --no-xrefs --enable-scan-transparency-data --bytecode-caching --force npm install",
            "buildcmd": "npm install",
            "config": "/Users/gonz/Code/VibeCoding/TicTaoToe/.bridge/polaris_coverity_capture/2025.9.0/idir/coverity-cli/build-compiler-configs/coverity_config.xml",
            "cwd": "/Users/gonz/Code/VibeCoding/TicTaoToe/backend/node_modules/bcrypt",
            "cygwin": "no",
            "dotnet-webapp-compilation-secs": "0",
            "dotnet-webapp-successes": "0",
            "dotnet-webapps-detected": "0",
            "emitdir": "/Users/gonz/Code/VibeCoding/TicTaoToe/.bridge/polaris_coverity_capture/2025.9.0/idir/emit",
            "failures": "0",
            "force": "yes",
            "host": "BD-MB02105",
            "ident": "2025.9.0 (build 477d3c5ddd p-2025.9-push-57)",
            "intermediatedir": "/Users/gonz/Code/VibeCoding/TicTaoToe/.bridge/polaris_coverity_capture/2025.9.0/idir",
            "outputdir": "/Users/gonz/Code/VibeCoding/TicTaoToe/.bridge/polaris_coverity_capture/2025.9.0/idir/output",
            "platform": "Darwin 24.6.0 arm64",
            "recoverable-errors": "0",
            "security-da-ms": "0",
            "short-platform": "macos-arm",
            "successes": "0",
            "time": "6",
            "user": "gonz"
          }
        }
      },
      {
        "command-line": "/Users/gonz/.blackduck/bridge/tools/cov-thin-client/2025.9.0/bin/cov-manage-emit --dir /Users/gonz/Code/VibeCoding/TicTaoToe/.bridge/polaris_coverity_capture/2025.9.0/idir list-capture-diagnostics",
        "cwd": "/Users/gonz/Code/VibeCoding/TicTaoToe",
        "env": {
          "COVERITY_CACHE_API_TOKEN_FILE": "/var/folders/q4/7hthhtjs1tnbj65766xh6cm40000gp/T/polaris_coverity_cache937803279/.authKey",
          "COVERITY_CACHE_KEY": "5f132b58-8c8c-4ff0-a09f-1097630e2f11",
          "COVERITY_CACHE_URL": "https://poc.polaris.blackduck.com/api/cache",
          "COVERITY_CLI_CAPTURE_ZIP_ARCHIVE": "/Users/gonz/Code/VibeCoding/TicTaoToe/.bridge/polaris_coverity_capture/idir.zip",
          "COVERITY_CLI_POLARIS_CLIENT": "true",
          "COVERITY_CLI_POLARIS_SIGMA": "/Users/gonz/.blackduck/bridge/tools/sigma/2025.10.0/sigma",
          "COVERITY_NO_LOG_ENVIRONMENT_VARIABLES": "1",
          "PATH": "/Users/gonz/.local/bin:/Applications/cov-analysis-macosx-2025.6.2/bin/:/Applications/bridge-cli_3.7.1/:/Users/gonz/Documents/apache-maven-3.9.9/bin:/Library/Java/JavaVirtualMachines/microsoft-21.jdk/Contents/Home/bin:/opt/homebrew/bin:/opt/homebrew/sbin:/usr/local/bin:/System/Cryptexes/App/usr/bin:/usr/bin:/bin:/usr/sbin:/sbin:/var/run/com.apple.security.cryptexd/codex.system/bootstrap/usr/local/bin:/var/run/com.apple.security.cryptexd/codex.system/bootstrap/usr/bin:/var/run/com.apple.security.cryptexd/codex.system/bootstrap/usr/appleinternal/bin:/Library/Apple/usr/bin:/Applications/VMware Fusion.app/Contents/Public"
        },
        "stdout-tail": [
          "        \"id\" : 37,",
          "        \"source-language\" : \"Text data\",",
          "        \"capture-percentage\" : 100,",
          "        \"had-failures\" : false,",
          "        \"had-recoverable-errors\" : false,",
          "        \"had-abstract-syntax-trees\" : false",
          "      }",
          "    }",
          "  ]",
          "}"
        ],
        "start-time": "2025-11-12T18:42:13.95483+01:00",
        "end-time": "2025-11-12T18:42:13.971115+01:00",
        "duration": 16284750
      },
      {
        "command-line": "/Users/gonz/.blackduck/bridge/tools/cov-thin-client/2025.9.0/bin/cov-internal-capture-files --dir /Users/gonz/Code/VibeCoding/TicTaoToe/.bridge/polaris_coverity_capture/2025.9.0/idir -c /Users/gonz/Code/VibeCoding/TicTaoToe/.bridge/polaris_coverity_capture/2025.9.0/idir/coverity-cli/buildless-compiler-configs/coverity_config.xml --ticker-mode none --append-log --capture-list-file /Users/gonz/Code/VibeCoding/TicTaoToe/.bridge/polaris_coverity_capture/2025.9.0/idir/coverity-cli/capture-file-list-3978169753 --record-with-source",
        "cwd": "/Users/gonz/Code/VibeCoding/TicTaoToe",
        "env": {
          "COVERITY_CACHE_API_TOKEN_FILE": "/var/folders/q4/7hthhtjs1tnbj65766xh6cm40000gp/T/polaris_coverity_cache937803279/.authKey",
          "COVERITY_CACHE_KEY": "5f132b58-8c8c-4ff0-a09f-1097630e2f11",
          "COVERITY_CACHE_URL": "https://poc.polaris.blackduck.com/api/cache",
          "COVERITY_CLI_CAPTURE_ZIP_ARCHIVE": "/Users/gonz/Code/VibeCoding/TicTaoToe/.bridge/polaris_coverity_capture/idir.zip",
          "COVERITY_CLI_POLARIS_CLIENT": "true",
          "COVERITY_CLI_POLARIS_SIGMA": "/Users/gonz/.blackduck/bridge/tools/sigma/2025.10.0/sigma",
          "COVERITY_NO_LOG_ENVIRONMENT_VARIABLES": "1",
          "PATH": "/Users/gonz/.local/bin:/Applications/cov-analysis-macosx-2025.6.2/bin/:/Applications/bridge-cli_3.7.1/:/Users/gonz/Documents/apache-maven-3.9.9/bin:/Library/Java/JavaVirtualMachines/microsoft-21.jdk/Contents/Home/bin:/opt/homebrew/bin:/opt/homebrew/sbin:/usr/local/bin:/System/Cryptexes/App/usr/bin:/usr/bin:/bin:/usr/sbin:/sbin:/var/run/com.apple.security.cryptexd/codex.system/bootstrap/usr/local/bin:/var/run/com.apple.security.cryptexd/codex.system/bootstrap/usr/bin:/var/run/com.apple.security.cryptexd/codex.system/bootstrap/usr/appleinternal/bin:/Library/Apple/usr/bin:/Applications/VMware Fusion.app/Contents/Public"
        },
        "stdout-tail": [
          "[INFO] Buildless capture started.",
          "[INFO] Emitting 22 Files.",
          "[INFO] Buildless capture completed."
        ],
        "start-time": "2025-11-12T18:42:14.093076+01:00",
        "end-time": "2025-11-12T18:42:14.250566+01:00",
        "duration": 157488250
      },
      {
        "command-line": "/Users/gonz/.blackduck/bridge/tools/cov-thin-client/2025.9.0/bin/cov-manage-emit @@/Users/gonz/Code/VibeCoding/TicTaoToe/.bridge/polaris_coverity_capture/2025.9.0/idir/coverity-cli/delete-unwanted-tus-action-1416687838",
        "cwd": "/Users/gonz/Code/VibeCoding/TicTaoToe",
        "env": {
          "COVERITY_CACHE_API_TOKEN_FILE": "/var/folders/q4/7hthhtjs1tnbj65766xh6cm40000gp/T/polaris_coverity_cache937803279/.authKey",
          "COVERITY_CACHE_KEY": "5f132b58-8c8c-4ff0-a09f-1097630e2f11",
          "COVERITY_CACHE_URL": "https://poc.polaris.blackduck.com/api/cache",
          "COVERITY_CLI_CAPTURE_ZIP_ARCHIVE": "/Users/gonz/Code/VibeCoding/TicTaoToe/.bridge/polaris_coverity_capture/idir.zip",
          "COVERITY_CLI_POLARIS_CLIENT": "true",
          "COVERITY_CLI_POLARIS_SIGMA": "/Users/gonz/.blackduck/bridge/tools/sigma/2025.10.0/sigma",
          "COVERITY_NO_LOG_ENVIRONMENT_VARIABLES": "1",
          "PATH": "/Users/gonz/.local/bin:/Applications/cov-analysis-macosx-2025.6.2/bin/:/Applications/bridge-cli_3.7.1/:/Users/gonz/Documents/apache-maven-3.9.9/bin:/Library/Java/JavaVirtualMachines/microsoft-21.jdk/Contents/Home/bin:/opt/homebrew/bin:/opt/homebrew/sbin:/usr/local/bin:/System/Cryptexes/App/usr/bin:/usr/bin:/bin:/usr/sbin:/sbin:/var/run/com.apple.security.cryptexd/codex.system/bootstrap/usr/local/bin:/var/run/com.apple.security.cryptexd/codex.system/bootstrap/usr/bin:/var/run/com.apple.security.cryptexd/codex.system/bootstrap/usr/appleinternal/bin:/Library/Apple/usr/bin:/Applications/VMware Fusion.app/Contents/Public"
        },
        "start-time": "2025-11-12T18:42:14.25068+01:00",
        "end-time": "2025-11-12T18:42:14.263376+01:00",
        "duration": 12695791
      },
      {
        "command-line": "/Users/gonz/.blackduck/bridge/tools/cov-thin-client/2025.9.0/bin/cov-manage-emit --dir /Users/gonz/Code/VibeCoding/TicTaoToe/.bridge/polaris_coverity_capture/2025.9.0/idir list-capture-diagnostics",
        "cwd": "/Users/gonz/Code/VibeCoding/TicTaoToe",
        "env": {
          "COVERITY_CACHE_API_TOKEN_FILE": "/var/folders/q4/7hthhtjs1tnbj65766xh6cm40000gp/T/polaris_coverity_cache937803279/.authKey",
          "COVERITY_CACHE_KEY": "5f132b58-8c8c-4ff0-a09f-1097630e2f11",
          "COVERITY_CACHE_URL": "https://poc.polaris.blackduck.com/api/cache",
          "COVERITY_CLI_CAPTURE_ZIP_ARCHIVE": "/Users/gonz/Code/VibeCoding/TicTaoToe/.bridge/polaris_coverity_capture/idir.zip",
          "COVERITY_CLI_POLARIS_CLIENT": "true",
          "COVERITY_CLI_POLARIS_SIGMA": "/Users/gonz/.blackduck/bridge/tools/sigma/2025.10.0/sigma",
          "COVERITY_NO_LOG_ENVIRONMENT_VARIABLES": "1",
          "PATH": "/Users/gonz/.local/bin:/Applications/cov-analysis-macosx-2025.6.2/bin/:/Applications/bridge-cli_3.7.1/:/Users/gonz/Documents/apache-maven-3.9.9/bin:/Library/Java/JavaVirtualMachines/microsoft-21.jdk/Contents/Home/bin:/opt/homebrew/bin:/opt/homebrew/sbin:/usr/local/bin:/System/Cryptexes/App/usr/bin:/usr/bin:/bin:/usr/sbin:/sbin:/var/run/com.apple.security.cryptexd/codex.system/bootstrap/usr/local/bin:/var/run/com.apple.security.cryptexd/codex.system/bootstrap/usr/bin:/var/run/com.apple.security.cryptexd/codex.system/bootstrap/usr/appleinternal/bin:/Library/Apple/usr/bin:/Applications/VMware Fusion.app/Contents/Public"
        },
        "stdout-tail": [
          "        \"id\" : 35,",
          "        \"source-language\" : \"Text data\",",
          "        \"capture-percentage\" : 100,",
          "        \"had-failures\" : false,",
          "        \"had-recoverable-errors\" : false,",
          "        \"had-abstract-syntax-trees\" : false",
          "      }",
          "    }",
          "  ]",
          "}"
        ],
        "start-time": "2025-11-12T18:42:14.263606+01:00",
        "end-time": "2025-11-12T18:42:14.277079+01:00",
        "duration": 13473042
      },
      {
        "command-line": "/Users/gonz/.blackduck/bridge/tools/cov-thin-client/2025.9.0/bin/cov-run-sigma --project-dir /Users/gonz/Code/VibeCoding/TicTaoToe --dir /Users/gonz/Code/VibeCoding/TicTaoToe/.bridge/polaris_coverity_capture/2025.9.0/idir --coverity-config /var/folders/q4/7hthhtjs1tnbj65766xh6cm40000gp/T/cov-run-sigma-config-3332862966/coverity.yaml --sigma-binary-path /Users/gonz/.blackduck/bridge/tools/sigma/2025.10.0/sigma --enable-telemetry",
        "cwd": "/Users/gonz/Code/VibeCoding/TicTaoToe",
        "env": {
          "COVERITY_CACHE_API_TOKEN_FILE": "/var/folders/q4/7hthhtjs1tnbj65766xh6cm40000gp/T/polaris_coverity_cache937803279/.authKey",
          "COVERITY_CACHE_KEY": "5f132b58-8c8c-4ff0-a09f-1097630e2f11",
          "COVERITY_CACHE_URL": "https://poc.polaris.blackduck.com/api/cache",
          "COVERITY_CLI_CAPTURE_ZIP_ARCHIVE": "/Users/gonz/Code/VibeCoding/TicTaoToe/.bridge/polaris_coverity_capture/idir.zip",
          "COVERITY_CLI_POLARIS_CLIENT": "true",
          "COVERITY_CLI_POLARIS_SIGMA": "/Users/gonz/.blackduck/bridge/tools/sigma/2025.10.0/sigma",
          "COVERITY_NO_LOG_ENVIRONMENT_VARIABLES": "1",
          "PATH": "/Users/gonz/.local/bin:/Applications/cov-analysis-macosx-2025.6.2/bin/:/Applications/bridge-cli_3.7.1/:/Users/gonz/Documents/apache-maven-3.9.9/bin:/Library/Java/JavaVirtualMachines/microsoft-21.jdk/Contents/Home/bin:/opt/homebrew/bin:/opt/homebrew/sbin:/usr/local/bin:/System/Cryptexes/App/usr/bin:/usr/bin:/bin:/usr/sbin:/sbin:/var/run/com.apple.security.cryptexd/codex.system/bootstrap/usr/local/bin:/var/run/com.apple.security.cryptexd/codex.system/bootstrap/usr/bin:/var/run/com.apple.security.cryptexd/codex.system/bootstrap/usr/appleinternal/bin:/Library/Apple/usr/bin:/Applications/VMware Fusion.app/Contents/Public"
        },
        "stdout-tail": [
          "cov-run-sigma version 2025.9.0 on Darwin 24.6.0 arm64",
          "Internal version numbers: 477d3c5ddd p-2025.9-push-57",
          ""
        ],
        "start-time": "2025-11-12T18:42:14.277279+01:00",
        "end-time": "2025-11-12T18:42:15.504137+01:00",
        "duration": 1226847250
      },
      {
        "command-line": "/Users/gonz/.blackduck/bridge/tools/cov-thin-client/2025.9.0/bin/cov-manage-emit --dir /Users/gonz/Code/VibeCoding/TicTaoToe/.bridge/polaris_coverity_capture/2025.9.0/idir list-capture-diagnostics",
        "cwd": "/Users/gonz/Code/VibeCoding/TicTaoToe",
        "env": {
          "COVERITY_CACHE_API_TOKEN_FILE": "/var/folders/q4/7hthhtjs1tnbj65766xh6cm40000gp/T/polaris_coverity_cache937803279/.authKey",
          "COVERITY_CACHE_KEY": "5f132b58-8c8c-4ff0-a09f-1097630e2f11",
          "COVERITY_CACHE_URL": "https://poc.polaris.blackduck.com/api/cache",
          "COVERITY_CLI_CAPTURE_ZIP_ARCHIVE": "/Users/gonz/Code/VibeCoding/TicTaoToe/.bridge/polaris_coverity_capture/idir.zip",
          "COVERITY_CLI_POLARIS_CLIENT": "true",
          "COVERITY_CLI_POLARIS_SIGMA": "/Users/gonz/.blackduck/bridge/tools/sigma/2025.10.0/sigma",
          "COVERITY_NO_LOG_ENVIRONMENT_VARIABLES": "1",
          "PATH": "/Users/gonz/.local/bin:/Applications/cov-analysis-macosx-2025.6.2/bin/:/Applications/bridge-cli_3.7.1/:/Users/gonz/Documents/apache-maven-3.9.9/bin:/Library/Java/JavaVirtualMachines/microsoft-21.jdk/Contents/Home/bin:/opt/homebrew/bin:/opt/homebrew/sbin:/usr/local/bin:/System/Cryptexes/App/usr/bin:/usr/bin:/bin:/usr/sbin:/sbin:/var/run/com.apple.security.cryptexd/codex.system/bootstrap/usr/local/bin:/var/run/com.apple.security.cryptexd/codex.system/bootstrap/usr/bin:/var/run/com.apple.security.cryptexd/codex.system/bootstrap/usr/appleinternal/bin:/Library/Apple/usr/bin:/Applications/VMware Fusion.app/Contents/Public"
        },
        "stdout-tail": [
          "        \"id\" : 38,",
          "        \"source-language\" : \"Text data\",",
          "        \"capture-percentage\" : 100,",
          "        \"had-failures\" : false,",
          "        \"had-recoverable-errors\" : false,",
          "        \"had-abstract-syntax-trees\" : false",
          "      }",
          "    }",
          "  ]",
          "}"
        ],
        "start-time": "2025-11-12T18:42:15.603555+01:00",
        "end-time": "2025-11-12T18:42:15.616071+01:00",
        "duration": 12516500
      }
    ]
  },
  "analysis": {
    "configuration": {}
  }
}
