<?xml version="1.0" encoding="UTF-8"?>
<!DOCTYPE coverity SYSTEM "coverity_config.dtd">
<coverity>
<!-- THIS FILE IS AUTOMATICALLY GENERATED - YOU MAY ADD XML ENTITIES -->
<!-- TO UPDATE THE COMPILER CONFIGURATION AFTER THE begin_command_line_config CLOSING TAG. -->
    <cit_version>1</cit_version>
    <config>
      <build>
        <compiler>
          <template_compiler>true</template_compiler>
          <comp_name>g++</comp_name>
          <comp_translator>clangcxx</comp_translator>
          <comp_lang>C</comp_lang>
          <comp_generic>clang</comp_generic>
          <comp_autodetect_type>clangcxx:android</comp_autodetect_type>
          <comp_autodetect_type>clangcxx:apple</comp_autodetect_type>
          <comp_autodetect_type>clangcxx:llvm</comp_autodetect_type>
          <comp_is_redirect>true</comp_is_redirect>
        </compiler>
        <options>
          <id>clangcxx-g++-.*</id>
          <opt_preinclude_file>$CONFIGDIR$/../user_nodefs.h</opt_preinclude_file>
          <begin_command_line_config></begin_command_line_config>
        </options>
        <options>
          <id>clangcxxcc-g++-.*</id>
          <opt_preinclude_file>$CONFIGDIR$/../user_nodefs.h</opt_preinclude_file>
          <begin_command_line_config></begin_command_line_config>
        </options>
        <options>
          <id>clangobjc-g++-.*</id>
          <opt_preinclude_file>$CONFIGDIR$/../user_nodefs.h</opt_preinclude_file>
          <begin_command_line_config></begin_command_line_config>
        </options>
        <options>
          <id>clangobjcxx-g++-.*</id>
          <opt_preinclude_file>$CONFIGDIR$/../user_nodefs.h</opt_preinclude_file>
          <begin_command_line_config></begin_command_line_config>
        </options>
      </build>
    </config>
    <md5>3d9460fee9db7da994c1ad660cf9de46</md5>
</coverity>

